,CHSS Degree,No Degree,Non-CHSS Degree
Employed,0.967327629,0.945111795,0.978091136
Unemployed,0.032672371,0.054888205,0.021908864